Longitude,Latitude,Name of Enterprise / Group,Ownership and Legal Structure,Primary Contact Person,Position / Role,Phone Number,Physical Street Address / Landmark,E-mail Address,Operational Status, TIN, BRELA Registration Number,1.7 TBS / ZFDA Registration Number,SIDO Registration Number, Operational Scale Classification,Primary Raw Materials Sourced and Used,Primary Sourcing Channels,Months of Severe Shortage / Price Spikes,Estimated Post-Harvest Loss (%),Raw Material Storage Capacity,Storage Capacity Unit, Main Storage Challenges, Nutrient-Dense Crops / Ingredients Cultivated or Harvested, Total Area / Harvest Scale, Area / Harvest Unit,Average Yield per Harvest / Season,Yield Unit, Harvest Cycles per Year,Proximity to Major Road (km),Proximity to Market (km),Accessibility Status,Infrastructure Status,Sanitary Status,Data Status
39.246503,-6.841625,Bakhresa Food Products Ltd.,Large-Scale Commercial Enterprise,Baraka Kweka,Group Chairperson,700000000,"Near Lita Tower, Ilala, Dar es Salaam",bakhresa.food.products.ltd@example.invalid,Active (Operating year-round),TIN-001,BRELA-001,TBS-001,Not applicable,Medium-scale (50–99 employees),Small Pelagic Fish (Dagaa / Omena); Groundnuts / Bambara Groundnuts; Whole Eggs / Powdered Eggs; Soybeans,Own Farm / Direct Harvesting; Commercial Aggregators / Middlemen; Open-Air Public / Wholesale Markets,Dec; Oct,5.7,41.6,Tons,None; Moisture/Humidity,Edible Seaweed; Orange-Fleshed Sweet Potatoes (OFSP),32.9,Acres,5,100kg Bags,1 Season,4.8,2.47,Low Accessibility,High,Low,HYPOTHETICAL / TESTING DATA
39.257418,-6.836199,Azania Mills Headquarter,Large-Scale Commercial Enterprise,Zawadi Mwakalinga,Operations Coordinator,700000001,"Near Lita Tower, Ilala, Dar es Salaam",azania.mills.headquarter@example.invalid,Active (Operating year-round),TIN-002,BRELA-002,TBS-002,Not applicable,Medium-scale (50–99 employees),Groundnuts / Bambara Groundnuts; Cassava / Banana / Plantain,Own Farm / Direct Harvesting,May; Feb; Jul,7.9,171.4,Tons,None,Edible Seaweed; High-Iron and Zinc Beans,2.6,Acres,564,Kg,Year-round,2.09,8.99,Low Accessibility,Moderate,High,HYPOTHETICAL / TESTING DATA
39.206424,-6.797928,Azania Mills Bakwata,Large-Scale Commercial Enterprise,Asha Nassoro,Secretary,700000002,"Near Ubungo Plaza, Ubungo, Dar es Salaam",azania.mills.bakwata@example.invalid,Active (Operating year-round),TIN-003,BRELA-003,TBS-003,Not applicable,Large Industrial Processor (100+ employees),Sorghum / Finger Millet; Whole Eggs / Powdered Eggs; Edible Seaweeds; Groundnuts / Bambara Groundnuts; Soybeans,Own Farm / Direct Harvesting; Contracted Smallholder Farmers / Outgrowers,Jan; Feb,3.5,28.3,Tons,Moisture/Humidity,Orange-Fleshed Sweet Potatoes (OFSP),30.8,Hectares,359,Kg,Year-round,4.56,8.34,Low Accessibility,Moderate,High,HYPOTHETICAL / TESTING DATA
39.221595,-6.792132,21st Century Food & Packaging Limited,Large-Scale Commercial Enterprise,Joyce Mwita,Farm Supervisor,700000003,"Near Sinza Mori Bus Stand, Sinza, Dar es Salaam",21st.century.food.packaging.limited@example.invalid,Active (Operating year-round),TIN-004,BRELA-004,TBS-004,Not applicable,Large Industrial Processor (100+ employees),Soybeans; Orange-Fleshed Sweet Potatoes (OFSP),Open-Air Public / Wholesale Markets; Contracted Smallholder Farmers / Outgrowers,Apr; Dec; Jul,7.4,13,Bags,Lack of Cold Storage,High-Iron and Zinc Beans,6.5,Acres,7,100kg Bags,Year-round,2.28,4.72,Moderately Accessible,High,Low,HYPOTHETICAL / TESTING DATA
39.294525,-6.85385,East Coast Oils and Fats Limited,Large-Scale Commercial Enterprise,Joyce Kweka,Farm Supervisor,700000004,"Near Kurasini Trade and Logistics Centre, Kurasini, Dar es Salaam",east.coast.oils.and.fats.limited@example.invalid,Seasonal (Operating only during harvest/raw material availability),TIN-005,BRELA-005,TBS-005,Not applicable,Large Industrial Processor (100+ employees),Cassava / Banana / Plantain; Sorghum / Finger Millet; Milk / Dairy Products; Edible Seaweeds; High-Iron and Zinc Beans,Open-Air Public / Wholesale Markets; Commercial Aggregators / Middlemen; Contracted Smallholder Farmers / Outgrowers,Aug,4.4,531,Bags,Mold/Aflatoxins; None,Edible Seaweed,7.1,Acres,3286,Kg,Year-round,2.02,8.68,Low Accessibility,Low,High,HYPOTHETICAL / TESTING DATA
39.278423,-6.820533,Azam Bakery,Large-Scale Commercial Enterprise,Zawadi Magesa,Group Chairperson,700000005,"Near Kariakoo Market, Kariakoo, Dar es Salaam",azam.bakery@example.invalid,Seasonal (Operating only during harvest/raw material availability),TIN-006,BRELA-006,TBS-006,Not applicable,Medium-scale (50–99 employees),High-Iron and Zinc Beans; Cassava / Banana / Plantain; Soybeans; Milk / Dairy Products,Commercial Aggregators / Middlemen; Contracted Smallholder Farmers / Outgrowers; Open-Air Public / Wholesale Markets,Sep,3.7,76.1,Tons,Insect Pests,Edible Seaweed; High-Iron and Zinc Beans,2,Number of Boats (for Dagaa),3,100kg Bags,2 Seasons,0.56,3.2,Moderately Accessible,High,High,HYPOTHETICAL / TESTING DATA
39.275686,-6.819163,Kariakoo market,Medium-Scale Commercial Enterprise,Emmanuel Mushi,Group Chairperson,700000006,"Near Kariakoo Market, Kariakoo, Dar es Salaam",kariakoo.market@example.invalid,Active (Operating year-round),TIN-007,BRELA-007,Not registered,Not applicable,Small-scale (5–49 employees),Soybeans; Whole Eggs / Powdered Eggs,Commercial Aggregators / Middlemen; Own Farm / Direct Harvesting; Contracted Smallholder Farmers / Outgrowers,May; Dec,10.8,11.5,Tons,None; Moisture/Humidity,Small Pelagic Fish (Dagaa) / Freshwater Fish; Bambara Groundnuts / Soybeans; Edible Seaweed,3.2,Hectares,723,Kg,2 Seasons,3.36,4.91,Low Accessibility,Moderate,High,HYPOTHETICAL / TESTING DATA
39.274769,-6.821372,Mwangaza Lishe Foods,Medium-Scale Commercial Enterprise,Juma Mwita,Owner-Manager,700000007,"Near Kariakoo Market, Kariakoo, Dar es Salaam",mwangaza.lishe.foods@example.invalid,Active (Operating year-round),TIN-008,BRELA-008,Not registered,Not applicable,Small-scale (5–49 employees),Orange-Fleshed Sweet Potatoes (OFSP); Whole Eggs / Powdered Eggs; Groundnuts / Bambara Groundnuts; Sorghum / Finger Millet,Commercial Aggregators / Middlemen; Own Farm / Direct Harvesting; Contracted Smallholder Farmers / Outgrowers,Dec; Sep,6.7,42,Bags,Lack of Cold Storage,Edible Seaweed,7.7,Acres,9.2,Tons,2 Seasons,4.51,8.81,Low Accessibility,Low,Low,HYPOTHETICAL / TESTING DATA
39.169413,-6.797866,Afya Kwanza Agro Foods,Women-Led Cooperative,Agnes Mhando,Owner-Manager,700000008,"Near Mabibo Market, Mabibo, Dar es Salaam",afya.kwanza.agro.foods@example.invalid,Active (Operating year-round),TIN-009,BRELA-009,Not registered,Not applicable,Small-scale (5–49 employees),Groundnuts / Bambara Groundnuts; Sorghum / Finger Millet,Commercial Aggregators / Middlemen,Jul; Apr,17.7,74,Bags,Insect Pests,Bambara Groundnuts / Soybeans; Orange-Fleshed Sweet Potatoes (OFSP); Small Pelagic Fish (Dagaa) / Freshwater Fish,11.1,Hectares,35,100kg Bags,2 Seasons,0.75,0.39,Highly Accessible,High,Low,HYPOTHETICAL / TESTING DATA
39.182229,-6.734126,Upendo Nutri Producers,Women-Led Cooperative,Hassan Nassoro,Group Chairperson,700000009,"Near Mbezi Beach Africana Bus Stand, Mbezi Beach, Dar es Salaam",upendo.nutri.producers@example.invalid,Active (Operating year-round),TIN-010,BRELA-010,Not registered,SIDO-010,Medium-scale (50–99 employees),Milk / Dairy Products; Edible Seaweeds,Open-Air Public / Wholesale Markets; Commercial Aggregators / Middlemen; Own Farm / Direct Harvesting,Oct,15.1,105,Bags,Lack of Cold Storage,High-Iron and Zinc Beans; Edible Seaweed,7.3,Hectares,67,100kg Bags,2 Seasons,4.74,6.82,Low Accessibility,Moderate,High,HYPOTHETICAL / TESTING DATA
39.147812,-6.624487,Jitihada Mazao Group,Registered Farmer Association,Mariam Magesa,Production Manager,700000010,"Near Bunju Market, Bunju, Dar es Salaam",jitihada.mazao.group@example.invalid,Active (Operating year-round),TIN-011,BRELA-011,Not registered,Not applicable,Micro-enterprise (< 5 employees),Soybeans; Maize,Open-Air Public / Wholesale Markets; Contracted Smallholder Farmers / Outgrowers,Feb; Oct; Apr,22.4,9.4,Tons,Moisture/Humidity; Lack of Cold Storage,Edible Seaweed; Orange-Fleshed Sweet Potatoes (OFSP); Small Pelagic Fish (Dagaa) / Freshwater Fish,2.4,Acres,38,100kg Bags,Year-round,3.81,0.55,Low Accessibility,Moderate,High,HYPOTHETICAL / TESTING DATA
39.081073,-6.768117,Tumaini Dagaa Processors,Youth Cooperative (Majority owners aged 18–35),Asha Mwakalinga,Farm Supervisor,700000011,"Near Kimara Mwisho Bus Stand, Kimara, Dar es Salaam",tumaini.dagaa.processors@example.invalid,Active (Operating year-round),TIN-012,BRELA-012,Not registered,SIDO-012,Medium-scale (50–99 employees),Sorghum / Finger Millet; Milk / Dairy Products,Commercial Aggregators / Middlemen,Nov; Mar; Dec,5.1,2.6,Tons,Moisture/Humidity; Insect Pests,Edible Seaweed,3,Number of Boats (for Dagaa),9.6,Tons,1 Season,4.69,6.32,Low Accessibility,Moderate,High,HYPOTHETICAL / TESTING DATA
39.503071,-6.994742,Kijani Lishe Enterprise,Medium-Scale Commercial Enterprise,Neema Mollel,Operations Coordinator,700000012,"Near Kimbiji Market, Kimbiji, Dar es Salaam",kijani.lishe.enterprise@example.invalid,Active (Operating year-round),TIN-013,BRELA-013,Not registered,SIDO-013,Medium-scale (50–99 employees),Whole Eggs / Powdered Eggs; Sorghum / Finger Millet; Soybeans; Milk / Dairy Products,Contracted Smallholder Farmers / Outgrowers,Oct; Aug,8.9,156,Bags,Moisture/Humidity; Insect Pests,Orange-Fleshed Sweet Potatoes (OFSP); Bambara Groundnuts / Soybeans; High-Iron and Zinc Beans,7.8,Hectares,4,100kg Bags,Year-round,4.44,1.97,Low Accessibility,High,Moderate,HYPOTHETICAL / TESTING DATA
39.442081,-6.928327,Baraka Fortified Foods,Women-Led Cooperative,Daudi Mwakipesile,Owner-Manager,700000013,"Near Kisarawe II Market, Kigamboni, Dar es Salaam",baraka.fortified.foods@example.invalid,Seasonal (Operating only during harvest/raw material availability),TIN-014,BRELA-014,Not registered,Not applicable,Micro-enterprise (< 5 employees),Edible Seaweeds; High-Iron and Zinc Beans,Own Farm / Direct Harvesting; Commercial Aggregators / Middlemen; Contracted Smallholder Farmers / Outgrowers,Dec,10.4,178,Bags,None; Moisture/Humidity,Edible Seaweed; Small Pelagic Fish (Dagaa) / Freshwater Fish; Bambara Groundnuts / Soybeans,11.2,Hectares,172,Kg,2 Seasons,3.68,3.8,Low Accessibility,High,Moderate,HYPOTHETICAL / TESTING DATA
39.31483,-6.831998,Mshikamano Women Producers,Registered Farmer Association,Hassan Mwijage,Owner-Manager,700000014,"Near Kigamboni Ferry Terminal, Kigamboni, Dar es Salaam",mshikamano.women.producers@example.invalid,Active (Operating year-round),TIN-015,BRELA-015,Not registered,Not applicable,Micro-enterprise (< 5 employees),Whole Eggs / Powdered Eggs; Sorghum / Finger Millet; Small Pelagic Fish (Dagaa / Omena),Open-Air Public / Wholesale Markets; Commercial Aggregators / Middlemen,Jun; Feb,18.9,14.3,Tons,Insect Pests,Bambara Groundnuts / Soybeans,9.5,Hectares,9.1,Tons,Year-round,4.58,4.88,Low Accessibility,High,High,HYPOTHETICAL / TESTING DATA
39.523658,-7.089516,Vijana Hodari Agro Group,Medium-Scale Commercial Enterprise,Hassan Nassoro,Production Manager,700000015,"Near Kimbiji Market, Kimbiji, Dar es Salaam",vijana.hodari.agro.group@example.invalid,Active (Operating year-round),TIN-016,BRELA-016,Not registered,Not applicable,Small-scale (5–49 employees),Cassava / Banana / Plantain; Maize,Open-Air Public / Wholesale Markets; Contracted Smallholder Farmers / Outgrowers; Commercial Aggregators / Middlemen,Jul; May; Feb,15.4,74,Bags,Mold/Aflatoxins; Insect Pests,Small Pelagic Fish (Dagaa) / Freshwater Fish; Orange-Fleshed Sweet Potatoes (OFSP),2,Number of Boats (for Dagaa),56,100kg Bags,Year-round,4.52,4.34,Low Accessibility,High,Low,HYPOTHETICAL / TESTING DATA
39.273726,-6.805009,Bahari Nutri Harvesters,Registered Farmer Association,Emmanuel Mnyika,Owner-Manager,700000016,"Near Kisutu Market, City Centre, Dar es Salaam",bahari.nutri.harvesters@example.invalid,Active (Operating year-round),TIN-017,BRELA-017,Not registered,Not applicable,Medium-scale (50–99 employees),High-Iron and Zinc Beans; Milk / Dairy Products; Cassava / Banana / Plantain; Soybeans,Contracted Smallholder Farmers / Outgrowers; Own Farm / Direct Harvesting; Open-Air Public / Wholesale Markets,Feb; Jan; May,17,88,Bags,Mold/Aflatoxins; Lack of Cold Storage,Small Pelagic Fish (Dagaa) / Freshwater Fish; Bambara Groundnuts / Soybeans; High-Iron and Zinc Beans,6.6,Acres,13,100kg Bags,2 Seasons,0.63,8.78,Low Accessibility,Moderate,Moderate,HYPOTHETICAL / TESTING DATA
39.459924,-6.905425,Maendeleo Food Solutions,Youth Cooperative (Majority owners aged 18–35),Joseph Mushi,Operations Coordinator,700000017,"Near Kisarawe II Market, Kigamboni, Dar es Salaam",maendeleo.food.solutions@example.invalid,Seasonal (Operating only during harvest/raw material availability),TIN-018,BRELA-018,Not registered,Not applicable,Small-scale (5–49 employees),Sorghum / Finger Millet; Soybeans; Whole Eggs / Powdered Eggs,Commercial Aggregators / Middlemen; Open-Air Public / Wholesale Markets; Contracted Smallholder Farmers / Outgrowers,Aug,14,15.1,Tons,Insect Pests,Small Pelagic Fish (Dagaa) / Freshwater Fish; Edible Seaweed; Bambara Groundnuts / Soybeans,8,Number of Boats (for Dagaa),1568,Kg,2 Seasons,4.06,8.08,Low Accessibility,Low,Moderate,HYPOTHETICAL / TESTING DATA
39.085904,-7.054748,Umoja First Foods Group,Women-Led Cooperative,Halima Nassoro,Owner-Manager,700000018,"Near Msongola Market, Msongola, Dar es Salaam",umoja.first.foods.group@example.invalid,Active (Operating year-round),TIN-019,BRELA-019,Not registered,Not applicable,Small-scale (5–49 employees),High-Iron and Zinc Beans; Milk / Dairy Products; Groundnuts / Bambara Groundnuts,Own Farm / Direct Harvesting; Contracted Smallholder Farmers / Outgrowers,Dec,15.8,7.4,Tons,Moisture/Humidity; Mold/Aflatoxins,High-Iron and Zinc Beans,2,Number of Boats (for Dagaa),3.1,Tons,Year-round,4.74,8.88,Low Accessibility,Low,Low,HYPOTHETICAL / TESTING DATA
39.170551,-6.810376,Malkia Lishe Cooperative,Medium-Scale Commercial Enterprise,Mariam Sanga,Secretary,700000019,"Near Mabibo Market, Mabibo, Dar es Salaam",malkia.lishe.cooperative@example.invalid,Seasonal (Operating only during harvest/raw material availability),TIN-020,BRELA-020,Not registered,SIDO-020,Small-scale (5–49 employees),Small Pelagic Fish (Dagaa / Omena); Cassava / Banana / Plantain,Open-Air Public / Wholesale Markets; Own Farm / Direct Harvesting; Contracted Smallholder Farmers / Outgrowers,Oct; May,12.9,23,Bags,Mold/Aflatoxins; None,Bambara Groundnuts / Soybeans; Edible Seaweed; Orange-Fleshed Sweet Potatoes (OFSP),7,Number of Boats (for Dagaa),3173,Kg,2 Seasons,2.29,4.59,Moderately Accessible,Low,Low,HYPOTHETICAL / TESTING DATA
39.103976,-6.990017,Nguvu Kazi Agro Foods,Youth Cooperative (Majority owners aged 18–35),Baraka Sanga,Owner-Manager,700000020,"Near Pugu Kajiungeni Market, Pugu, Dar es Salaam",nguvu.kazi.agro.foods@example.invalid,Active (Operating year-round),TIN-021,BRELA-021,Not registered,SIDO-021,Medium-scale (50–99 employees),Edible Seaweeds; Orange-Fleshed Sweet Potatoes (OFSP); Soybeans; Small Pelagic Fish (Dagaa / Omena),Own Farm / Direct Harvesting; Open-Air Public / Wholesale Markets; Commercial Aggregators / Middlemen,Jan,23.1,46,Bags,Lack of Cold Storage,Edible Seaweed; Orange-Fleshed Sweet Potatoes (OFSP); Small Pelagic Fish (Dagaa) / Freshwater Fish,2,Number of Boats (for Dagaa),10.7,Tons,2 Seasons,4.1,3.83,Low Accessibility,High,Moderate,HYPOTHETICAL / TESTING DATA
39.14947,-6.959536,Dar NutriBlend Enterprise,Youth Cooperative (Majority owners aged 18–35),Hassan Mushi,Secretary,700000021,"Near Gongo la Mboto Bus Stand, Gongo la Mboto, Dar es Salaam",dar.nutriblend.enterprise@example.invalid,Active (Operating year-round),TIN-022,BRELA-022,Not registered,Not applicable,Medium-scale (50–99 employees),Sorghum / Finger Millet; Orange-Fleshed Sweet Potatoes (OFSP); Edible Seaweeds; Milk / Dairy Products,Contracted Smallholder Farmers / Outgrowers; Own Farm / Direct Harvesting; Open-Air Public / Wholesale Markets,Aug,5.5,41,Bags,Mold/Aflatoxins; Lack of Cold Storage,Orange-Fleshed Sweet Potatoes (OFSP),3,Acres,72,100kg Bags,1 Season,4.78,8.98,Low Accessibility,High,High,HYPOTHETICAL / TESTING DATA
39.274387,-6.872797,Kisima Cha Afya Foods,Women-Led Cooperative,Emmanuel Nassoro,Secretary,700000022,"Near Quality Centre Mall, Nyerere Road, Dar es Salaam",kisima.cha.afya.foods@example.invalid,Active (Operating year-round),TIN-023,BRELA-023,Not registered,Not applicable,Medium-scale (50–99 employees),Small Pelagic Fish (Dagaa / Omena); Soybeans; Groundnuts / Bambara Groundnuts; Cassava / Banana / Plantain,Own Farm / Direct Harvesting; Commercial Aggregators / Middlemen; Open-Air Public / Wholesale Markets,Nov; Jul; Sep,13.2,3.1,Tons,Lack of Cold Storage; Mold/Aflatoxins,Edible Seaweed; High-Iron and Zinc Beans; Orange-Fleshed Sweet Potatoes (OFSP),7.1,Hectares,7.7,Tons,2 Seasons,3.72,2.73,Low Accessibility,Moderate,High,HYPOTHETICAL / TESTING DATA
39.375745,-6.939694,Jua Kali Grain Processors,Registered Farmer Association,Juma Magesa,Owner-Manager,700000023,"Near Kibada Market / Bus Stand, Kibada, Dar es Salaam",jua.kali.grain.processors@example.invalid,Active (Operating year-round),TIN-024,BRELA-024,Not registered,Not applicable,Medium-scale (50–99 employees),Whole Eggs / Powdered Eggs; Edible Seaweeds,Commercial Aggregators / Middlemen,Feb; Jan,15.2,97,Bags,None; Lack of Cold Storage,High-Iron and Zinc Beans; Bambara Groundnuts / Soybeans; Orange-Fleshed Sweet Potatoes (OFSP),2,Number of Boats (for Dagaa),1624,Kg,1 Season,3.47,0.45,Low Accessibility,High,High,HYPOTHETICAL / TESTING DATA
39.454172,-6.894682,Neema Biofortified Foods,Registered Farmer Association,Joyce Mtemi,Farm Supervisor,700000024,"Near Kisarawe II Market, Kigamboni, Dar es Salaam",neema.biofortified.foods@example.invalid,Seasonal (Operating only during harvest/raw material availability),TIN-025,BRELA-025,Not registered,Not applicable,Micro-enterprise (< 5 employees),High-Iron and Zinc Beans; Groundnuts / Bambara Groundnuts; Milk / Dairy Products; Small Pelagic Fish (Dagaa / Omena),Own Farm / Direct Harvesting; Open-Air Public / Wholesale Markets; Commercial Aggregators / Middlemen,Jun; Apr; Oct,6.1,148,Bags,Mold/Aflatoxins; None,Small Pelagic Fish (Dagaa) / Freshwater Fish; High-Iron and Zinc Beans; Edible Seaweed,6,Acres,7.8,Tons,2 Seasons,2.22,8.89,Low Accessibility,High,Low,HYPOTHETICAL / TESTING DATA
39.469987,-6.924928,Kipepeo Nutrition Group,Registered Farmer Association,Mariam Mollel,Secretary,700000025,"Near Kisarawe II Market, Kigamboni, Dar es Salaam",kipepeo.nutrition.group@example.invalid,Active (Operating year-round),TIN-026,BRELA-026,Not registered,Not applicable,Micro-enterprise (< 5 employees),Groundnuts / Bambara Groundnuts; Sorghum / Finger Millet; Soybeans,Commercial Aggregators / Middlemen; Contracted Smallholder Farmers / Outgrowers; Open-Air Public / Wholesale Markets,Jul; Jan; Oct,21.7,16.2,Tons,Insect Pests,Edible Seaweed; Orange-Fleshed Sweet Potatoes (OFSP),2,Number of Boats (for Dagaa),2753,Kg,2 Seasons,2.79,6.95,Low Accessibility,High,High,HYPOTHETICAL / TESTING DATA
39.458196,-6.976049,Tegemeo Small Producers,Registered Farmer Association,Daudi Mwijage,Production Manager,700000026,"Near Kisarawe II Market, Kigamboni, Dar es Salaam",tegemeo.small.producers@example.invalid,Active (Operating year-round),TIN-027,BRELA-027,Not registered,Not applicable,Micro-enterprise (< 5 employees),Orange-Fleshed Sweet Potatoes (OFSP); Groundnuts / Bambara Groundnuts; Whole Eggs / Powdered Eggs; Small Pelagic Fish (Dagaa / Omena),Commercial Aggregators / Middlemen; Own Farm / Direct Harvesting; Open-Air Public / Wholesale Markets,Aug; Feb; May,23.9,16.7,Tons,Insect Pests,Orange-Fleshed Sweet Potatoes (OFSP),6,Number of Boats (for Dagaa),9.7,Tons,Year-round,2.75,2.37,Moderately Accessible,Low,Moderate,HYPOTHETICAL / TESTING DATA
39.076348,-6.808348,Furaha Family Foods,Women-Led Cooperative,Neema Mtemi,Group Chairperson,700000027,"Near Magufuli Bus Terminal, Mbezi Luis, Dar es Salaam",furaha.family.foods@example.invalid,Active (Operating year-round),TIN-028,BRELA-028,Not registered,SIDO-028,Micro-enterprise (< 5 employees),High-Iron and Zinc Beans; Sorghum / Finger Millet; Groundnuts / Bambara Groundnuts; Whole Eggs / Powdered Eggs,Commercial Aggregators / Middlemen; Own Farm / Direct Harvesting; Contracted Smallholder Farmers / Outgrowers,Jun,23.2,13,Tons,Lack of Cold Storage; Insect Pests,High-Iron and Zinc Beans; Bambara Groundnuts / Soybeans,10,Hectares,149,Kg,1 Season,0.97,7.9,Low Accessibility,High,Low,HYPOTHETICAL / TESTING DATA
39.096865,-6.859003,Mkombozi Agro Processors,Women-Led Cooperative,Emmanuel Kweka,Owner-Manager,700000028,"Near Pugu Station, Pugu, Dar es Salaam",mkombozi.agro.processors@example.invalid,Seasonal (Operating only during harvest/raw material availability),TIN-029,BRELA-029,Not registered,Not applicable,Medium-scale (50–99 employees),Orange-Fleshed Sweet Potatoes (OFSP); Whole Eggs / Powdered Eggs,Contracted Smallholder Farmers / Outgrowers,May; Aug; Jul,6.2,106,Bags,None; Moisture/Humidity,Bambara Groundnuts / Soybeans,2,Number of Boats (for Dagaa),42,100kg Bags,Year-round,1.17,7.31,Low Accessibility,High,Low,HYPOTHETICAL / TESTING DATA
39.104046,-6.631636,Amani Nutrient Foods,Private Micro-Processing Enterprise,Halima Mwakalinga,Operations Coordinator,700000029,"Near Bunju Market, Bunju, Dar es Salaam",amani.nutrient.foods@example.invalid,Active (Operating year-round),TIN-030,BRELA-030,Not registered,Not applicable,Small-scale (5–49 employees),Soybeans; Small Pelagic Fish (Dagaa / Omena),Open-Air Public / Wholesale Markets; Commercial Aggregators / Middlemen,Apr,25.6,45,Bags,Insect Pests,Bambara Groundnuts / Soybeans; Orange-Fleshed Sweet Potatoes (OFSP),4,Hectares,8.2,Tons,1 Season,4.8,6.89,Low Accessibility,High,High,HYPOTHETICAL / TESTING DATA
39.122096,-6.837183,Pamoja Harvest Group,Registered Farmer Association,Rehema Mwakalinga,Production Manager,700000030,"Near Kinyerezi Bus Stand, Kinyerezi, Dar es Salaam",pamoja.harvest.group@example.invalid,Active (Operating year-round),TIN-031,BRELA-031,Not registered,SIDO-031,Micro-enterprise (< 5 employees),Edible Seaweeds; Maize,Contracted Smallholder Farmers / Outgrowers; Open-Air Public / Wholesale Markets; Own Farm / Direct Harvesting,Mar; May; Apr,17.9,3.6,Tons,Moisture/Humidity,Orange-Fleshed Sweet Potatoes (OFSP),10.8,Acres,2205,Kg,2 Seasons,3.03,2.07,Low Accessibility,Moderate,High,HYPOTHETICAL / TESTING DATA
39.47332,-6.939317,Kiboko Fish and Grain Foods,Youth Cooperative (Majority owners aged 18–35),Joseph Mushi,Secretary,700000031,"Near Kisarawe II Market, Kigamboni, Dar es Salaam",kiboko.fish.and.grain.foods@example.invalid,Active (Operating year-round),TIN-032,BRELA-032,Not registered,SIDO-032,Medium-scale (50–99 employees),Whole Eggs / Powdered Eggs; Soybeans; Cassava / Banana / Plantain; Edible Seaweeds,Contracted Smallholder Farmers / Outgrowers,Dec; Nov; Aug,9.8,7.8,Tons,Mold/Aflatoxins; Insect Pests,Bambara Groundnuts / Soybeans,4.5,Hectares,1635,Kg,Year-round,2.46,5.04,Low Accessibility,Moderate,High,HYPOTHETICAL / TESTING DATA
39.095878,-6.688096,Mwanzo Bora Producers,Youth Cooperative (Majority owners aged 18–35),Baraka Msuya,Group Chairperson,700000032,"Near Wazo Hill Cement Junction, Wazo, Dar es Salaam",mwanzo.bora.producers@example.invalid,Active (Operating year-round),TIN-033,BRELA-033,Not registered,Not applicable,Micro-enterprise (< 5 employees),Edible Seaweeds; Sorghum / Finger Millet; Whole Eggs / Powdered Eggs,Open-Air Public / Wholesale Markets; Contracted Smallholder Farmers / Outgrowers,Sep,8.1,101,Bags,Moisture/Humidity; Insect Pests,Bambara Groundnuts / Soybeans; Small Pelagic Fish (Dagaa) / Freshwater Fish; Edible Seaweed,7.2,Hectares,37,100kg Bags,1 Season,3.57,7.92,Low Accessibility,Low,High,HYPOTHETICAL / TESTING DATA
39.194492,-6.952632,Tunu Lishe Products,Medium-Scale Commercial Enterprise,Ramadhani Mnyika,Farm Supervisor,700000033,"Near Chanika Bus Stand, Chanika, Dar es Salaam",tunu.lishe.products@example.invalid,Active (Operating year-round),TIN-034,BRELA-034,Not registered,Not applicable,Medium-scale (50–99 employees),Cassava / Banana / Plantain; Groundnuts / Bambara Groundnuts; Sorghum / Finger Millet; Edible Seaweeds,Contracted Smallholder Farmers / Outgrowers; Commercial Aggregators / Middlemen,Aug; Apr; Sep,16.7,127,Bags,Lack of Cold Storage; Mold/Aflatoxins,Edible Seaweed; Orange-Fleshed Sweet Potatoes (OFSP),7.4,Hectares,2.5,Tons,2 Seasons,4.72,6.98,Low Accessibility,Low,Moderate,HYPOTHETICAL / TESTING DATA
39.174281,-6.908052,Nyota Njema Agro Foods,Youth Cooperative (Majority owners aged 18–35),Juma Nassoro,Secretary,700000034,"Near Gongo la Mboto Bus Stand, Gongo la Mboto, Dar es Salaam",nyota.njema.agro.foods@example.invalid,Active (Operating year-round),TIN-035,BRELA-035,Not registered,Not applicable,Medium-scale (50–99 employees),Whole Eggs / Powdered Eggs; Cassava / Banana / Plantain; Soybeans; Small Pelagic Fish (Dagaa / Omena),Contracted Smallholder Farmers / Outgrowers; Commercial Aggregators / Middlemen; Open-Air Public / Wholesale Markets,Jun; Aug,7.1,10.7,Tons,Moisture/Humidity,Orange-Fleshed Sweet Potatoes (OFSP),5.1,Hectares,1440,Kg,2 Seasons,3.81,8.98,Low Accessibility,High,Moderate,HYPOTHETICAL / TESTING DATA
39.382416,-6.887538,Safina Sea and Farm Foods,Medium-Scale Commercial Enterprise,Hassan Massawe,Owner-Manager,700000035,"Near Mji Mwema Market, Kigamboni, Dar es Salaam",safina.sea.and.farm.foods@example.invalid,Active (Operating year-round),TIN-036,BRELA-036,Not registered,Not applicable,Medium-scale (50–99 employees),High-Iron and Zinc Beans; Orange-Fleshed Sweet Potatoes (OFSP),Open-Air Public / Wholesale Markets,Jan; Jun,10.7,4.9,Tons,Mold/Aflatoxins; Insect Pests,Orange-Fleshed Sweet Potatoes (OFSP),10,Hectares,3.9,Tons,Year-round,3.91,7.67,Low Accessibility,Moderate,Low,HYPOTHETICAL / TESTING DATA
39.422842,-7.093914,Imara Women Nutrition Group,Informal Grassroots Producer,Ramadhani Massawe,Farm Supervisor,700000036,"Near Somangila Market, Somangila, Dar es Salaam",imara.women.nutrition.group@example.invalid,Active (Operating year-round),Not registered,Not registered,Not registered,Not applicable,Medium-scale (50–99 employees),Maize; Soybeans; Groundnuts / Bambara Groundnuts; High-Iron and Zinc Beans,Contracted Smallholder Farmers / Outgrowers; Commercial Aggregators / Middlemen,Nov; May,26.1,104,Bags,Moisture/Humidity,High-Iron and Zinc Beans,10.6,Hectares,59,100kg Bags,2 Seasons,1.16,7.43,Low Accessibility,High,High,HYPOTHETICAL / TESTING DATA
39.112143,-6.965982,Ufanisi Food Producers,Women-Led Cooperative,Joseph Mwita,Farm Supervisor,700000037,"Near Pugu Kajiungeni Market, Pugu, Dar es Salaam",ufanisi.food.producers@example.invalid,Seasonal (Operating only during harvest/raw material availability),TIN-038,BRELA-038,Not registered,Not applicable,Small-scale (5–49 employees),Maize; Edible Seaweeds,Own Farm / Direct Harvesting; Open-Air Public / Wholesale Markets; Contracted Smallholder Farmers / Outgrowers,Nov; Oct,24.2,89,Bags,None; Mold/Aflatoxins,Orange-Fleshed Sweet Potatoes (OFSP); Small Pelagic Fish (Dagaa) / Freshwater Fish; Edible Seaweed,9.3,Acres,3286,Kg,2 Seasons,2.95,4.92,Moderately Accessible,High,High,HYPOTHETICAL / TESTING DATA
39.218799,-6.852354,Rafiki Nutri Crops,Youth Cooperative (Majority owners aged 18–35),Neema Mrema,Secretary,700000038,"Near TAZARA Railway Station, Chang'ombe, Dar es Salaam",rafiki.nutri.crops@example.invalid,Active (Operating year-round),TIN-039,BRELA-039,Not registered,Not applicable,Micro-enterprise (< 5 employees),Milk / Dairy Products; Groundnuts / Bambara Groundnuts; Soybeans; Whole Eggs / Powdered Eggs,Open-Air Public / Wholesale Markets,Oct; Jan,13.3,107,Bags,None,Bambara Groundnuts / Soybeans; Orange-Fleshed Sweet Potatoes (OFSP); Small Pelagic Fish (Dagaa) / Freshwater Fish,4,Number of Boats (for Dagaa),36,100kg Bags,1 Season,4.43,8.72,Low Accessibility,Low,Moderate,HYPOTHETICAL / TESTING DATA
39.156904,-6.768112,Kilimo Bora Dar Group,Women-Led Cooperative,Ramadhani Mrema,Owner-Manager,700000039,"Near Mbezi Beach Africana Bus Stand, Mbezi Beach, Dar es Salaam",kilimo.bora.dar.group@example.invalid,Active (Operating year-round),TIN-040,BRELA-040,Not registered,Not applicable,Micro-enterprise (< 5 employees),Small Pelagic Fish (Dagaa / Omena); Whole Eggs / Powdered Eggs,Open-Air Public / Wholesale Markets; Commercial Aggregators / Middlemen,Oct,11.3,33,Bags,Lack of Cold Storage; Insect Pests,Small Pelagic Fish (Dagaa) / Freshwater Fish; High-Iron and Zinc Beans; Bambara Groundnuts / Soybeans,6.4,Acres,7,100kg Bags,Year-round,2.81,6.52,Low Accessibility,Moderate,High,HYPOTHETICAL / TESTING DATA
39.124948,-6.593219,Nuru Complementary Foods,Private Micro-Processing Enterprise,Mariam Mtemi,Farm Supervisor,700000040,"Near Mbweni Bus Stand, Mbweni, Dar es Salaam",nuru.complementary.foods@example.invalid,Seasonal (Operating only during harvest/raw material availability),TIN-041,BRELA-041,Not registered,Not applicable,Medium-scale (50–99 employees),Milk / Dairy Products; Edible Seaweeds; Small Pelagic Fish (Dagaa / Omena); Soybeans,Contracted Smallholder Farmers / Outgrowers; Own Farm / Direct Harvesting; Open-Air Public / Wholesale Markets,Jan; Apr,15.5,15.6,Tons,Moisture/Humidity,Bambara Groundnuts / Soybeans; Small Pelagic Fish (Dagaa) / Freshwater Fish; High-Iron and Zinc Beans,6,Number of Boats (for Dagaa),4.4,Tons,Year-round,3.74,6.98,Low Accessibility,Low,Low,HYPOTHETICAL / TESTING DATA
39.481483,-7.026484,Hekima Agro Nutrition,Medium-Scale Commercial Enterprise,Halima Mwakipesile,Owner-Manager,700000041,"Near Kimbiji Market, Kimbiji, Dar es Salaam",hekima.agro.nutrition@example.invalid,Active (Operating year-round),TIN-042,BRELA-042,Not registered,Not applicable,Small-scale (5–49 employees),Soybeans; Orange-Fleshed Sweet Potatoes (OFSP); Cassava / Banana / Plantain,Own Farm / Direct Harvesting; Open-Air Public / Wholesale Markets,Jun,7.8,15.2,Tons,None,High-Iron and Zinc Beans; Orange-Fleshed Sweet Potatoes (OFSP); Bambara Groundnuts / Soybeans,7,Number of Boats (for Dagaa),68,100kg Bags,2 Seasons,4.28,8.78,Low Accessibility,High,Moderate,HYPOTHETICAL / TESTING DATA
39.131857,-6.694467,Wakulima Jasiri Group,Youth Cooperative (Majority owners aged 18–35),Juma Mhando,Owner-Manager,700000042,"Near Wazo Hill Cement Junction, Wazo, Dar es Salaam",wakulima.jasiri.group@example.invalid,Active (Operating year-round),TIN-043,BRELA-043,Not registered,Not applicable,Micro-enterprise (< 5 employees),Edible Seaweeds; Cassava / Banana / Plantain; Orange-Fleshed Sweet Potatoes (OFSP); Milk / Dairy Products,Contracted Smallholder Farmers / Outgrowers; Own Farm / Direct Harvesting; Open-Air Public / Wholesale Markets,Oct; Jul,16.2,10.2,Tons,None,Bambara Groundnuts / Soybeans,1,Number of Boats (for Dagaa),1.5,Tons,2 Seasons,2.99,8.98,Low Accessibility,High,High,HYPOTHETICAL / TESTING DATA
39.187486,-6.853693,Zawadi Nutri Foods,Informal Grassroots Producer,Hassan Sanga,Secretary,700000043,"Near Tabata Segerea Bus Stand, Tabata, Dar es Salaam",zawadi.nutri.foods@example.invalid,Active (Operating year-round),Not registered,Not registered,Not registered,SIDO-044,Small-scale (5–49 employees),Edible Seaweeds; Milk / Dairy Products; Groundnuts / Bambara Groundnuts; Maize,Own Farm / Direct Harvesting; Contracted Smallholder Farmers / Outgrowers,Apr,5.9,64,Bags,Mold/Aflatoxins; None,Bambara Groundnuts / Soybeans; Orange-Fleshed Sweet Potatoes (OFSP),6,Number of Boats (for Dagaa),2.9,Tons,1 Season,3.05,5.62,Low Accessibility,High,Moderate,HYPOTHETICAL / TESTING DATA
39.237852,-6.835088,Mwambao Dagaa Group,Youth Cooperative (Majority owners aged 18–35),Neema Mushi,Secretary,700000044,"Near Lita Tower, Ilala, Dar es Salaam",mwambao.dagaa.group@example.invalid,Active (Operating year-round),TIN-045,BRELA-045,Not registered,Not applicable,Micro-enterprise (< 5 employees),Small Pelagic Fish (Dagaa / Omena); Groundnuts / Bambara Groundnuts; High-Iron and Zinc Beans; Orange-Fleshed Sweet Potatoes (OFSP),Own Farm / Direct Harvesting; Open-Air Public / Wholesale Markets,Jul; Feb,21.7,11.8,Tons,Insect Pests,Orange-Fleshed Sweet Potatoes (OFSP); High-Iron and Zinc Beans; Bambara Groundnuts / Soybeans,1.9,Acres,1572,Kg,2 Seasons,3.57,8.98,Low Accessibility,High,High,HYPOTHETICAL / TESTING DATA
39.339168,-6.913257,Kazi Yetu Food Enterprise,Women-Led Cooperative,Daudi Mushi,Owner-Manager,700000045,"Near Kibada Market / Bus Stand, Kibada, Dar es Salaam",kazi.yetu.food.enterprise@example.invalid,Active (Operating year-round),TIN-046,BRELA-046,Not registered,Not applicable,Small-scale (5–49 employees),Small Pelagic Fish (Dagaa / Omena); Maize,Contracted Smallholder Farmers / Outgrowers; Commercial Aggregators / Middlemen; Own Farm / Direct Harvesting,Sep,20.3,6.2,Tons,Insect Pests; Moisture/Humidity,High-Iron and Zinc Beans; Bambara Groundnuts / Soybeans,6.5,Acres,1.2,Tons,2 Seasons,2.22,5.74,Low Accessibility,High,High,HYPOTHETICAL / TESTING DATA
39.407576,-6.900708,Chanzo Cha Afya Group,Registered Farmer Association,Mariam Mnyika,Production Manager,700000046,"Near Kisarawe II Market, Kigamboni, Dar es Salaam",chanzo.cha.afya.group@example.invalid,Active (Operating year-round),TIN-047,BRELA-047,Not registered,Not applicable,Micro-enterprise (< 5 employees),High-Iron and Zinc Beans; Milk / Dairy Products,Own Farm / Direct Harvesting,May; Mar; Jan,10,7,Tons,Mold/Aflatoxins,Orange-Fleshed Sweet Potatoes (OFSP),5,Number of Boats (for Dagaa),622,Kg,2 Seasons,0.46,4.36,Moderately Accessible,Moderate,High,HYPOTHETICAL / TESTING DATA
39.469386,-7.084648,Mavuno Bora Producers,Women-Led Cooperative,Zawadi Kweka,Operations Coordinator,700000047,"Near Somangila Market, Somangila, Dar es Salaam",mavuno.bora.producers@example.invalid,Active (Operating year-round),TIN-048,BRELA-048,Not registered,Not applicable,Small-scale (5–49 employees),Sorghum / Finger Millet; Cassava / Banana / Plantain; Orange-Fleshed Sweet Potatoes (OFSP); High-Iron and Zinc Beans,Own Farm / Direct Harvesting,Jun; Sep; Jan,19.2,17,Bags,Lack of Cold Storage,High-Iron and Zinc Beans; Small Pelagic Fish (Dagaa) / Freshwater Fish; Edible Seaweed,2.6,Hectares,1611,Kg,2 Seasons,0.48,7.59,Low Accessibility,High,Moderate,HYPOTHETICAL / TESTING DATA
39.416361,-7.02104,Juhudi Grain and Legume Foods,Women-Led Cooperative,Hassan Massawe,Owner-Manager,700000048,"Near Vijibweni Market, Kigamboni, Dar es Salaam",juhudi.grain.and.legume.foods@example.invalid,Active (Operating year-round),TIN-049,BRELA-049,Not registered,Not applicable,Small-scale (5–49 employees),Small Pelagic Fish (Dagaa / Omena); Orange-Fleshed Sweet Potatoes (OFSP); Whole Eggs / Powdered Eggs,Contracted Smallholder Farmers / Outgrowers; Own Farm / Direct Harvesting; Commercial Aggregators / Middlemen,Jun; Feb; Jul,16.6,6.6,Tons,Moisture/Humidity; Mold/Aflatoxins,Edible Seaweed; Orange-Fleshed Sweet Potatoes (OFSP),2.3,Hectares,63,100kg Bags,1 Season,0.54,1.51,Highly Accessible,Low,Low,HYPOTHETICAL / TESTING DATA
39.286104,-6.911595,Azania Community Nutrition Group,Medium-Scale Commercial Enterprise,Agnes Magesa,Farm Supervisor,700000049,"Near Mbagala Rangi Tatu Bus Stand, Mbagala, Dar es Salaam",azania.community.nutrition.group@example.invalid,Active (Operating year-round),TIN-050,BRELA-050,Not registered,Not applicable,Micro-enterprise (< 5 employees),Cassava / Banana / Plantain; High-Iron and Zinc Beans; Whole Eggs / Powdered Eggs; Orange-Fleshed Sweet Potatoes (OFSP),Contracted Smallholder Farmers / Outgrowers; Commercial Aggregators / Middlemen; Open-Air Public / Wholesale Markets,Jul; May; Nov,9.8,158,Bags,None,Bambara Groundnuts / Soybeans; Small Pelagic Fish (Dagaa) / Freshwater Fish; Edible Seaweed,10.8,Hectares,32,100kg Bags,Year-round,4.42,8.82,Low Accessibility,High,Low,HYPOTHETICAL / TESTING DATA
